"DATASET: Deaths by week, sex, 5-year age group and NUTS 3 region [demo_r_mweek3]"

"LAST UPDATE: 14.10.20 13:04:27"

"EXTRACTION DATE: 15.10.20 03:09:05"

"SOURCE OF DATA: Eurostat"

"TIME"
"2020W28"
"2020W29"
"2020W30"
"2020W31"
"2020W32"
"2020W33"
"2020W34"
"2020W35"
"2020W36"
"2020W37"
"2020W38"
"2020W39"
"2020W40"
"2020W41"
"2020W99"

"GEO"
"Belgium"
"Région de Bruxelles-Capitale / Brussels Hoofdstedelijk Gewest"
"Région de Bruxelles-Capitale / Brussels Hoofdstedelijk Gewest"
"Arr. de Bruxelles-Capitale / Arr. van Brussel-Hoofdstad"
"Vlaams Gewest"
"Prov. Antwerpen"
"Arr. Antwerpen"
"Arr. Mechelen"
"Arr. Turnhout"
"Prov. Limburg (BE)"
"Arr. Hasselt"
"Arr. Maaseik"
"Arr. Tongeren"
"Prov. Oost-Vlaanderen"
"Arr. Aalst"
"Arr. Dendermonde"
"Arr. Eeklo"
"Arr. Gent"
"Arr. Oudenaarde"
"Arr. Sint-Niklaas"
"Prov. Vlaams-Brabant"
"Arr. Halle-Vilvoorde"
"Arr. Leuven"
"Prov. West-Vlaanderen"
"Arr. Brugge"
"Arr. Diksmuide"
"Arr. Ieper"
"Arr. Kortrijk"
"Arr. Oostende"
"Arr. Roeselare"
"Arr. Tielt"
"Arr. Veurne"
"Région wallonne"
"Prov. Brabant wallon"
"Arr. Nivelles"
"Prov. Hainaut"
"Arr. Ath"
"Arr. Charleroi"
"Arr. Mons"
"Arr. Mouscron"
"Arr. Soignies"
"Arr. Thuin"
"Arr. Tournai"
"Prov. Liège"
"Arr. Huy"
"Arr. Liège"
"Arr. Waremme"
"Arr. Verviers - communes francophones"
"Bezirk Verviers - Deutschsprachige Gemeinschaft"
"Prov. Luxembourg (BE)"
"Arr. Arlon"
"Arr. Bastogne"
"Arr. Marche-en-Famenne"
"Arr. Neufchâteau"
"Arr. Virton"
"Prov. Namur"
"Arr. Dinant"
"Arr. Namur"
"Arr. Philippeville"
"Bulgaria"
"Severna i yugoiztochna Bulgaria"
"Severozapaden"
"Vidin"
"Montana"
"Vratsa"
"Pleven"
"Lovech"
"Severen tsentralen"
"Veliko Tarnovo"
"Gabrovo"
"Ruse"
"Razgrad"
"Silistra"
"Severoiztochen"
"Varna"
"Dobrich"
"Shumen"
"Targovishte"
"Yugoiztochen"
"Burgas"
"Sliven"
"Yambol"
"Stara Zagora"
"Yugozapadna i yuzhna tsentralna Bulgaria"
"Yugozapaden"
"Sofia (stolitsa)"
"Sofia"
"Blagoevgrad"
"Pernik"
"Kyustendil"
"Yuzhen tsentralen"
"Plovdiv"
"Haskovo"
"Pazardzhik"
"Smolyan"
"Kardzhali"
"Czechia"
"Cesko"
"Praha"
"Hlavní mesto Praha"
"Strední Cechy"
"Stredoceský kraj"
"Jihozápad"
"Jihocecký kraj"
"Plzenský kraj"
"Severozápad"
"Karlovarský kraj"
"Ústecký kraj"
"Severovýchod"
"Liberecký kraj"
"Královéhradecký kraj"
"Pardubický kraj"
"Jihovýchod"
"Kraj Vysocina"
"Jihomoravský kraj"
"Strední Morava"
"Olomoucký kraj"
"Zlínský kraj"
"Moravskoslezsko"
"Moravskoslezský kraj"
"Denmark"
"Danmark"
"Hovedstaden"
"Byen København"
"Københavns omegn"
"Nordsjælland"
"Bornholm"
"Sjælland"
"Østsjælland"
"Vest- og Sydsjælland"
"Syddanmark"
"Fyn"
"Sydjylland"
"Midtjylland"
"Vestjylland"
"Østjylland"
"Nordjylland"
"Nordjylland"
"Germany (until 1990 former territory of the FRG)"
"Baden-Württemberg"
"Bayern"
"Berlin"
"Brandenburg"
"Bremen"
"Hamburg"
"Hessen"
"Mecklenburg-Vorpommern"
"Niedersachsen"
"Nordrhein-Westfalen"
"Rheinland-Pfalz"
"Saarland"
"Sachsen"
"Sachsen-Anhalt"
"Schleswig-Holstein"
"Thüringen"
"Estonia"
"Eesti"
"Eesti"
"Põhja-Eesti"
"Lääne-Eesti"
"Kesk-Eesti"
"Kirde-Eesti"
"Lõuna-Eesti"
"Greece"
"Voreia Ellada"
"Anatoliki Makedonia, Thraki"
"Evros"
"Xanthi"
"Rodopi"
"Drama"
"Thasos, Kavala"
"Kentriki Makedonia"
"Imathia"
"Thessaloniki"
"Kilkis"
"Pella"
"Pieria"
"Serres"
"Chalkidiki"
"Dytiki Makedonia"
"Grevena, Kozani"
"Kastoria"
"Florina"
"Ipeiros"
"Arta, Preveza"
"Thesprotia"
"Ioannina"
"Kentriki Ellada"
"Thessalia"
"Karditsa, Trikala"
"Larisa"
"Magnisia"
"Ionia Nisia"
"Zakynthos"
"Kerkyra"
"Ithaki, Kefallinia"
"Lefkada"
"Dytiki Ellada"
"Aitoloakarnania"
"Achaia"
"Ileia"
"Sterea Ellada"
"Voiotia"
"Evvoia"
"Evrytania"
"Fthiotida"
"Fokida"
"Peloponnisos"
"Argolida, Arkadia"
"Korinthia"
"Lakonia, Messinia"
"Attiki"
"Attiki"
"Voreios Tomeas Athinon"
"Dytikos Tomeas Athinon"
"Kentrikos Tomeas Athinon"
"Notios Tomeas Athinon"
"Anatoliki Attiki"
"Dytiki Attiki"
"Peiraias, Nisoi"
"Nisia Aigaiou, Kriti"
"Voreio Aigaio"
"Lesvos, Limnos"
"Ikaria, Samos"
"Chios"
"Notio Aigaio"
"Kalymnos, Karpathos, Kos, Rodos"
"Andros, Thira, Kea, Milos, Mykonos, Naxos, Paros, Syros, Tinos"
"Kriti"
"Irakleio"
"Lasithi"
"Rethymni"
"Chania"
"Not regionalised / Unknown NUTS 1"
"Not regionalised / Unknown NUTS 2"
"Not regionalised / Unknown NUTS 3"
"Spain"
"Noroeste (ES)"
"Galicia"
"A Coruña"
"Lugo"
"Ourense"
"Pontevedra"
"Principado de Asturias"
"Asturias"
"Cantabria"
"Cantabria"
"Noreste (ES)"
"País Vasco"
"Araba/Álava"
"Gipuzkoa"
"Bizkaia"
"Comunidad Foral de Navarra"
"Navarra"
"La Rioja"
"La Rioja"
"Aragón"
"Huesca"
"Teruel"
"Zaragoza"
"Comunidad de Madrid"
"Comunidad de Madrid"
"Madrid"
"Centro (ES)"
"Castilla y León"
"Ávila"
"Burgos"
"León"
"Palencia"
"Salamanca"
"Segovia"
"Soria"
"Valladolid"
"Zamora"
"Castilla-la Mancha"
"Albacete"
"Ciudad Real"
"Cuenca"
"Guadalajara"
"Toledo"
"Extremadura"
"Badajoz"
"Cáceres"
"Este (ES)"
"Cataluña"
"Barcelona"
"Girona"
"Lleida"
"Tarragona"
"Comunidad Valenciana"
"Alicante / Alacant"
"Castellón / Castelló"
"Valencia / València"
"Illes Balears"
"Eivissa, Formentera"
"Mallorca"
"Menorca"
"Sur (ES)"
"Andalucía"
"Almería"
"Cádiz"
"Córdoba"
"Granada"
"Huelva"
"Jaén"
"Málaga"
"Sevilla"
"Región de Murcia"
"Murcia"
"Ciudad Autónoma de Ceuta (ES)"
"Ceuta (ES)"
"Ciudad Autónoma de Melilla (ES)"
"Melilla (ES)"
"Canarias (ES)"
"Canarias (ES)"
"El Hierro"
"Fuerteventura"
"Gran Canaria"
"La Gomera"
"La Palma"
"Lanzarote"
"Tenerife"
"France"
"Île de France"
"Île de France"
"Paris"
"Seine-et-Marne"
"Yvelines"
"Essonne"
"Hauts-de-Seine"
"Seine-Saint-Denis"
"Val-de-Marne"
"Val-d'Oise"
"Centre - Val de Loire"
"Centre - Val de Loire"
"Cher"
"Eure-et-Loir"
"Indre"
"Indre-et-Loire"
"Loir-et-Cher"
"Loiret"
"Bourgogne - Franche-Comté"
"Bourgogne"
"Côte-d'Or"
"Nièvre"
"Saône-et-Loire"
"Yonne"
"Franche-Comté"
"Doubs"
"Jura"
"Haute-Saône"
"Territoire de Belfort"
"Normandie"
"Basse-Normandie"
"Calvados"
"Manche"
"Orne"
"Haute-Normandie"
"Eure"
"Seine-Maritime"
"Nord-Pas-de-Calais - Picardie"
"Nord-Pas-de-Calais"
"Nord"
"Pas-de-Calais"
"Picardie"
"Aisne"
"Oise"
"Somme"
"Alsace - Champagne-Ardenne - Lorraine"
"Alsace"
"Bas-Rhin"
"Haut-Rhin"
"Champagne-Ardenne"
"Ardennes"
"Aube"
"Marne"
"Haute-Marne"
"Lorraine"
"Meurthe-et-Moselle"
"Meuse"
"Moselle"
"Vosges"
"Pays-de-la-Loire"
"Pays-de-la-Loire"
"Loire-Atlantique"
"Maine-et-Loire"
"Mayenne"
"Sarthe"
"Vendée"
"Bretagne"
"Bretagne"
"Côtes-d'Armor"
"Finistère"
"Ille-et-Vilaine"
"Morbihan"
"Aquitaine - Limousin - Poitou-Charentes"
"Aquitaine"
"Dordogne"
"Gironde"
"Landes"
"Lot-et-Garonne"
"Pyrénées-Atlantiques"
"Limousin"
"Corrèze"
"Creuse"
"Haute-Vienne"
"Poitou-Charentes"
"Charente"
"Charente-Maritime"
"Deux-Sèvres"
"Vienne"
"Languedoc-Roussillon - Midi-Pyrénées"
"Languedoc-Roussillon"
"Aude"
"Gard"
"Hérault"
"Lozère"
"Pyrénées-Orientales"
"Midi-Pyrénées"
"Ariège"
"Aveyron"
"Haute-Garonne"
"Gers"
"Lot"
"Hautes-Pyrénées"
"Tarn"
"Tarn-et-Garonne"
"Auvergne - Rhône-Alpes"
"Auvergne"
"Allier"
"Cantal"
"Haute-Loire"
"Puy-de-Dôme"
"Rhône-Alpes"
"Ain"
"Ardèche"
"Drôme"
"Isère"
"Loire"
"Rhône"
"Savoie"
"Haute-Savoie"
"Provence-Alpes-Côte d'Azur"
"Provence-Alpes-Côte d'Azur"
"Alpes-de-Haute-Provence"
"Hautes-Alpes"
"Alpes-Maritimes"
"Bouches-du-Rhône"
"Var"
"Vaucluse"
"Corse"
"Corse"
"Corse-du-Sud"
"Haute-Corse"
"RUP FR - Régions ultrapériphériques françaises"
"Guadeloupe"
"Guadeloupe"
"Martinique"
"Martinique"
"Guyane"
"Guyane"
"La Réunion"
"La Réunion"
"Mayotte"
"Mayotte"
"Croatia"
"Hrvatska"
"Italy"
"Nord-Ovest"
"Piemonte"
"Torino"
"Vercelli"
"Biella"
"Verbano-Cusio-Ossola"
"Novara"
"Cuneo"
"Asti"
"Alessandria"
"Valle d'Aosta/Vallée d'Aoste"
"Valle d'Aosta/Vallée d'Aoste"
"Liguria"
"Imperia"
"Savona"
"Genova"
"La Spezia"
"Lombardia"
"Varese"
"Como"
"Lecco"
"Sondrio"
"Bergamo"
"Brescia"
"Pavia"
"Lodi"
"Cremona"
"Mantova"
"Milano"
"Monza e della Brianza"
"Nord-Est"
"Provincia Autonoma di Bolzano/Bozen"
"Bolzano-Bozen"
"Provincia Autonoma di Trento"
"Trento"
"Veneto"
"Verona"
"Vicenza"
"Belluno"
"Treviso"
"Venezia"
"Padova"
"Rovigo"
"Friuli-Venezia Giulia"
"Pordenone"
"Udine"
"Gorizia"
"Trieste"
"Emilia-Romagna"
"Piacenza"
"Parma"
"Reggio nell'Emilia"
"Modena"
"Bologna"
"Ferrara"
"Ravenna"
"Forlì-Cesena"
"Rimini"
"Centro (IT)"
"Toscana"
"Massa-Carrara"
"Lucca"
"Pistoia"
"Firenze"
"Prato"
"Livorno"
"Pisa"
"Arezzo"
"Siena"
"Grosseto"
"Umbria"
"Perugia"
"Terni"
"Marche"
"Pesaro e Urbino"
"Ancona"
"Macerata"
"Ascoli Piceno"
"Fermo"
"Lazio"
"Viterbo"
"Rieti"
"Roma"
"Latina"
"Frosinone"
"Sud"
"Abruzzo"
"L'Aquila"
"Teramo"
"Pescara"
"Chieti"
"Molise"
"Isernia"
"Campobasso"
"Campania"
"Caserta"
"Benevento"
"Napoli"
"Avellino"
"Salerno"
"Puglia"
"Taranto"
"Brindisi"
"Lecce"
"Foggia"
"Bari"
"Barletta-Andria-Trani"
"Basilicata"
"Potenza"
"Matera"
"Calabria"
"Cosenza"
"Crotone"
"Catanzaro"
"Vibo Valentia"
"Reggio di Calabria"
"Isole"
"Sicilia"
"Trapani"
"Palermo"
"Messina"
"Agrigento"
"Caltanissetta"
"Enna"
"Catania"
"Ragusa"
"Siracusa"
"Sardegna"
"Sassari"
"Nuoro"
"Cagliari"
"Oristano"
"Olbia-Tempio"
"Ogliastra"
"Medio Campidano"
"Carbonia-Iglesias"
"Cyprus"
"Kypros"
"Kypros"
"Kypros"
"Latvia"
"Latvija"
"Latvija"
"Kurzeme"
"Latgale"
"Riga"
"Pieriga"
"Vidzeme"
"Zemgale"
"Not regionalised / Unknown NUTS 1"
"Not regionalised / Unknown NUTS 2"
"Not regionalised / Unknown NUTS 3"
"Lithuania"
"Lietuva"
"Sostines regionas"
"Vilniaus apskritis"
"Vidurio ir vakaru Lietuvos regionas"
"Alytaus apskritis"
"Kauno apskritis"
"Klaipedos apskritis"
"Marijampoles apskritis"
"Panevezio apskritis"
"Siauliu apskritis"
"Taurages apskritis"
"Telsiu apskritis"
"Utenos apskritis"
"Luxembourg"
"Luxembourg"
"Luxembourg"
"Luxembourg"
"Hungary"
"Közép-Magyarország"
"Budapest"
"Budapest"
"Pest"
"Pest"
"Dunántúl"
"Közép-Dunántúl"
"Fejér"
"Komárom-Esztergom"
"Veszprém"
"Nyugat-Dunántúl"
"Gyor-Moson-Sopron"
"Vas"
"Zala"
"Dél-Dunántúl"
"Baranya"
"Somogy"
"Tolna"
"Alföld és Észak"
"Észak-Magyarország"
"Borsod-Abaúj-Zemplén"
"Heves"
"Nógrád"
"Észak-Alföld"
"Hajdú-Bihar"
"Jász-Nagykun-Szolnok"
"Szabolcs-Szatmár-Bereg"
"Dél-Alföld"
"Bács-Kiskun"
"Békés"
"Csongrád"
"Not regionalised / Unknown NUTS 1"
"Not regionalised / Unknown NUTS 2"
"Not regionalised / Unknown NUTS 3"
"Malta"
"Malta"
"Malta"
"Netherlands"
"Noord-Nederland"
"Groningen"
"Oost-Groningen"
"Delfzijl en omgeving"
"Overig Groningen"
"Friesland (NL)"
"Noord-Friesland"
"Zuidwest-Friesland"
"Zuidoost-Friesland"
"Drenthe"
"Noord-Drenthe"
"Zuidoost-Drenthe"
"Zuidwest-Drenthe"
"Oost-Nederland"
"Overijssel"
"Noord-Overijssel"
"Zuidwest-Overijssel"
"Twente"
"Gelderland"
"Veluwe"
"Zuidwest-Gelderland"
"Achterhoek"
"Arnhem/Nijmegen"
"Flevoland"
"Flevoland"
"West-Nederland"
"Utrecht"
"Utrecht"
"Noord-Holland"
"Kop van Noord-Holland"
"IJmond"
"Agglomeratie Haarlem"
"Zaanstreek"
"Het Gooi en Vechtstreek"
"Alkmaar en omgeving"
"Groot-Amsterdam"
"Zuid-Holland"
"Agglomeratie 's-Gravenhage"
"Delft en Westland"
"Agglomeratie Leiden en Bollenstreek"
"Zuidoost-Zuid-Holland"
"Oost-Zuid-Holland"
"Groot-Rijnmond"
"Zeeland"
"Zeeuwsch-Vlaanderen"
"Overig Zeeland"
"Zuid-Nederland"
"Noord-Brabant"
"West-Noord-Brabant"
"Midden-Noord-Brabant"
"Noordoost-Noord-Brabant"
"Zuidoost-Noord-Brabant"
"Limburg (NL)"
"Noord-Limburg"
"Midden-Limburg"
"Zuid-Limburg"
"Not regionalised / Unknown NUTS 1"
"Not regionalised / Unknown NUTS 2"
"Not regionalised / Unknown NUTS 3"
"Austria"
"Ostösterreich"
"Burgenland (AT)"
"Niederösterreich"
"Wien"
"Südösterreich"
"Kärnten"
"Steiermark"
"Westösterreich"
"Oberösterreich"
"Salzburg"
"Tirol"
"Vorarlberg"
"Poland"
"Makroregion Poludniowy"
"Malopolskie"
"Miasto Kraków"
"Krakowski"
"Tarnowski"
"Nowosadecki"
"Nowotarski"
"Oswiecimski"
"Slaskie"
"Czestochowski"
"Bielski"
"Rybnicki"
"Bytomski"
"Gliwicki"
"Katowicki"
"Sosnowiecki"
"Tyski"
"Makroregion Pólnocno-Zachodni"
"Wielkopolskie"
"Pilski"
"Koninski"
"Miasto Poznan"
"Kaliski"
"Leszczynski"
"Poznanski"
"Zachodniopomorskie"
"Miasto Szczecin"
"Koszalinski"
"Szczecinecko-pyrzycki"
"Szczecinski"
"Lubuskie"
"Gorzowski"
"Zielonogórski"
"Makroregion Poludniowo-Zachodni"
"Dolnoslaskie"
"Miasto Wroclaw"
"Jeleniogórski"
"Legnicko-Glogowski"
"Walbrzyski"
"Wroclawski"
"Opolskie"
"Nyski"
"Opolski"
"Makroregion Pólnocny"
"Kujawsko-Pomorskie"
"Bydgosko-Torunski"
"Grudziadzki"
"Inowroclawski"
"Swiecki"
"Wloclawski"
"Warminsko-Mazurskie"
"Elblaski"
"Olsztynski"
"Elcki"
"Pomorskie"
"Trojmiejski"
"Gdanski"
"Slupski"
"Chojnicki"
"Starogardzki"
"Makroregion Centralny"
"Lódzkie"
"Miasto Lódz"
"Lódzki"
"Piotrkowski"
"Sieradzki"
"Skierniewicki"
"Swietokrzyskie"
"Kielecki"
"Sandomiersko-jedrzejowski"
"Makroregion Wschodni"
"Lubelskie"
"Bialski"
"Chelmsko-zamojski"
"Lubelski"
"Pulawski"
"Podkarpackie"
"Krosnienski"
"Przemyski"
"Rzeszowski"
"Tarnobrzeski"
"Podlaskie"
"Bialostocki"
"Lomzynski"
"Suwalski"
"Makroregion Województwo Mazowieckie"
"Warszawski stoleczny"
"Miasto Warszawa"
"Warszawski wschodni"
"Warszawski zachodni"
"Mazowiecki regionalny"
"Radomski"
"Ciechanowski"
"Plocki"
"Ostrolecki"
"Siedlecki"
"Zyrardowski"
"Portugal"
"Continente"
"Norte"
"Alto Minho"
"Cávado"
"Ave"
"Área Metropolitana do Porto"
"Alto Tâmega"
"Tâmega e Sousa"
"Douro"
"Terras de Trás-os-Montes"
"Algarve"
"Algarve"
"Centro (PT)"
"Oeste"
"Região de Aveiro"
"Região de Coimbra"
"Região de Leiria"
"Viseu Dão Lafões"
"Beira Baixa"
"Médio Tejo"
"Beiras e Serra da Estrela"
"Área Metropolitana de Lisboa"
"Área Metropolitana de Lisboa"
"Alentejo"
"Alentejo Litoral"
"Baixo Alentejo"
"Lezíria do Tejo"
"Alto Alentejo"
"Alentejo Central"
"Região Autónoma dos Açores (PT)"
"Região Autónoma dos Açores (PT)"
"Região Autónoma dos Açores (PT)"
"Região Autónoma da Madeira (PT)"
"Região Autónoma da Madeira (PT)"
"Região Autónoma da Madeira (PT)"
"Not regionalised / Unknown NUTS 1"
"Not regionalised / Unknown NUTS 2"
"Not regionalised / Unknown NUTS 3"
"Romania"
"Macroregiunea unu"
"Nord-Vest"
"Bihor"
"Bistrita-Nasaud"
"Cluj"
"Maramures"
"Satu Mare"
"Salaj"
"Centru"
"Alba"
"Brasov"
"Covasna"
"Harghita"
"Mures"
"Sibiu"
"Macroregiunea doi"
"Nord-Est"
"Bacau"
"Botosani"
"Iasi"
"Neamt"
"Suceava"
"Vaslui"
"Sud-Est"
"Braila"
"Buzau"
"Constanta"
"Galati"
"Tulcea"
"Vrancea"
"Macroregiunea trei"
"Sud - Muntenia"
"Arges"
"Calarasi"
"Dâmbovita"
"Giurgiu"
"Ialomita"
"Prahova"
"Teleorman"
"Bucuresti - Ilfov"
"Bucuresti"
"Ilfov"
"Macroregiunea patru"
"Sud-Vest Oltenia"
"Dolj"
"Gorj"
"Mehedinti"
"Olt"
"Vâlcea"
"Vest"
"Arad"
"Caras-Severin"
"Hunedoara"
"Timis"
"Slovenia"
"Slovenija"
"Slovakia"
"Slovensko"
"Bratislavský kraj"
"Bratislavský kraj"
"Západné Slovensko"
"Trnavský kraj"
"Trenciansky kraj"
"Nitriansky kraj"
"Stredné Slovensko"
"Zilinský kraj"
"Banskobystrický kraj"
"Východné Slovensko"
"Presovský kraj"
"Kosický kraj"
"Finland"
"Manner-Suomi"
"Länsi-Suomi"
"Keski-Suomi"
"Etelä-Pohjanmaa"
"Pohjanmaa"
"Satakunta"
"Pirkanmaa"
"Helsinki-Uusimaa"
"Helsinki-Uusimaa"
"Etelä-Suomi"
"Varsinais-Suomi"
"Kanta-Häme"
"Päijät-Häme"
"Kymenlaakso"
"Etelä-Karjala"
"Pohjois- ja Itä-Suomi"
"Etelä-Savo"
"Pohjois-Savo"
"Pohjois-Karjala"
"Keski-Pohjanmaa"
"Lappi"
"Kainuu"
"Pohjois-Pohjanmaa"
"Åland"
"Åland"
"Åland"
"Sweden"
"Östra Sverige"
"Stockholm"
"Stockholms län"
"Östra Mellansverige"
"Uppsala län"
"Södermanlands län"
"Östergötlands län"
"Örebro län"
"Västmanlands län"
"Södra Sverige"
"Småland med öarna"
"Jönköpings län"
"Kronobergs län"
"Kalmar län"
"Gotlands län"
"Sydsverige"
"Blekinge län"
"Skåne län"
"Västsverige"
"Hallands län"
"Västra Götalands län"
"Norra Sverige"
"Norra Mellansverige"
"Värmlands län"
"Dalarnas län"
"Gävleborgs län"
"Mellersta Norrland"
"Västernorrlands län"
"Jämtlands län"
"Övre Norrland"
"Västerbottens län"
"Norrbottens län"
"United Kingdom"
"North East (UK)"
"Tees Valley and Durham"
"Hartlepool and Stockton-on-Tees"
"South Teesside"
"Darlington"
"Durham CC"
"Northumberland and Tyne and Wear"
"Northumberland"
"Tyneside"
"Sunderland"
"North West (UK)"
"Cumbria"
"West Cumbria"
"East Cumbria"
"Greater Manchester"
"Manchester"
"Greater Manchester South West"
"Greater Manchester South East"
"Greater Manchester North West"
"Greater Manchester North East"
"Lancashire"
"Blackburn with Darwen"
"Blackpool"
"Lancaster & Wyre"
"Mid Lancashire"
"East Lancashire"
"Chorley & West Lancashire"
"Cheshire"
"Warrington"
"Cheshire East"
"Cheshire West and Chester"
"Merseyside"
"East Merseyside"
"Liverpool"
"Sefton"
"Wirral"
"Yorkshire and The Humber"
"East Yorkshire and Northern Lincolnshire"
"Kingston upon Hull, City of"
"East Riding of Yorkshire"
"North and North East Lincolnshire"
"North Yorkshire"
"York"
"North Yorkshire CC"
"South Yorkshire"
"Barnsley, Doncaster and Rotherham"
"Sheffield"
"West Yorkshire"
"Bradford"
"Leeds"
"Calderdale and Kirklees"
"Wakefield"
"East Midlands (UK)"
"Derbyshire and Nottinghamshire"
"Derby"
"East Derbyshire"
"South and West Derbyshire"
"Nottingham"
"North Nottinghamshire"
"South Nottinghamshire"
"Leicestershire, Rutland and Northamptonshire"
"Leicester"
"Leicestershire CC and Rutland"
"West Northamptonshire"
"North Northamptonshire"
"Lincolnshire"
"Lincolnshire"
"West Midlands (UK)"
"Herefordshire, Worcestershire and Warwickshire"
"Herefordshire, County of"
"Worcestershire"
"Warwickshire"
"Shropshire and Staffordshire"
"Telford and Wrekin"
"Shropshire CC"
"Stoke-on-Trent"
"Staffordshire CC"
"West Midlands"
"Birmingham"
"Solihull"
"Coventry"
"Dudley"
"Sandwell"
"Walsall"
"Wolverhampton"
"East of England"
"East Anglia"
"Peterborough"
"Cambridgeshire CC"
"Suffolk"
"Norwich & East Norfolk"
"North & West Norfolk"
"Breckland & South Norfolk"
"Bedfordshire and Hertfordshire"
"Luton"
"Hertfordshire"
"Bedford"
"Central Bedfordshire"
"Essex"
"Southend-on-Sea"
"Thurrock"
"Essex Haven Gateway"
"West Essex"
"Heart of Essex"
"Essex Thames Gateway"
"London"
"Inner London - West"
"Camden & City of London"
"Westminster"
"Kensington and Chelsea & Hammersmith and Fulham"
"Wandsworth"
"Inner London - East"
"Hackney & Newham"
"Tower Hamlets"
"Haringey & Islington"
"Lewisham & Southwark"
"Lambeth"
"Outer London - East and North East"
"Bexley & Greenwich"
"Barking & Dagenham and Havering"
"Redbridge & Waltham Forest"
"Enfield"
"Outer London - South"
"Bromley"
"Croydon"
"Merton, Kingston upon Thames & Sutton"
"Outer London - West and North West"
"Barnet"
"Brent"
"Ealing"
"Harrow & Hillingdon"
"Hounslow & Richmond upon Thames"
"South East (UK)"
"Berkshire, Buckinghamshire and Oxfordshire"
"Berkshire"
"Milton Keynes"
"Buckinghamshire CC"
"Oxfordshire"
"Surrey, East and West Sussex"
"Brighton and Hove"
"East Sussex CC"
"West Surrey"
"East Surrey"
"West Sussex (South West)"
"West Sussex (North East)"
"Hampshire and Isle of Wight"
"Portsmouth"
"Southampton"
"Isle of Wight"
"South Hampshire"
"Central Hampshire"
"North Hampshire"
"Kent"
"Medway"
"Kent Thames Gateway"
"East Kent"
"Mid Kent"
"West Kent"
"South West (UK)"
"Gloucestershire, Wiltshire and Bristol/Bath area"
"Bristol, City of"
"Bath and North East Somerset, North Somerset and South Gloucestershire"
"Gloucestershire"
"Swindon"
"Wiltshire CC"
"Dorset and Somerset"
"Bournemouth and Poole"
"Dorset CC"
"Somerset"
"Cornwall and Isles of Scilly"
"Cornwall and Isles of Scilly"
"Devon"
"Plymouth"
"Torbay"
"Devon CC"
"Wales"
"West Wales and The Valleys"
"Isle of Anglesey"
"Gwynedd"
"Conwy and Denbighshire"
"South West Wales"
"Central Valleys"
"Gwent Valleys"
"Bridgend and Neath Port Talbot"
"Swansea"
"East Wales"
"Monmouthshire and Newport"
"Cardiff and Vale of Glamorgan"
"Flintshire and Wrexham"
"Powys"
"Scotland"
"North Eastern Scotland"
"Aberdeen City and Aberdeenshire"
"Highlands and Islands"
"Caithness & Sutherland and Ross & Cromarty"
"Inverness & Nairn and Moray, Badenoch & Strathspey"
"Lochaber, Skye & Lochalsh, Arran & Cumbrae and Argyll & Bute"
"Eilean Siar (Western Isles)"
"Orkney Islands"
"Shetland Islands"
"Eastern Scotland"
"Angus and Dundee City"
"Clackmannanshire and Fife"
"East Lothian and Midlothian"
"Edinburgh, City of"
"Falkirk"
"Perth & Kinross and Stirling"
"West Lothian"
"West Central Scotland"
"East Dunbartonshire, West Dunbartonshire and Helensburgh & Lomond"
"Glasgow City"
"Inverclyde, East Renfrewshire and Renfrewshire"
"North Lanarkshire"
"Southern Scotland"
"Scottish Borders"
"Dumfries & Galloway"
"East Ayrshire and North Ayrshire mainland"
"South Ayrshire"
"South Lanarkshire"
"Northern Ireland (UK)"
"Northern Ireland (UK)"
"Belfast"
"Armagh City, Banbridge and Craigavon"
"Newry, Mourne and Down"
"Ards and North Down"
"Derry City and Strabane"
"Mid Ulster"
"Causeway Coast and Glens"
"Antrim and Newtownabbey"
"Lisburn and Castlereagh"
"Mid and East Antrim"
"Fermanagh and Omagh"
"Iceland"
"Ísland"
"Ísland"
"Höfudborgarsvædi"
"Landsbyggd"
"Liechtenstein"
"Liechtenstein"
"Liechtenstein"
"Liechtenstein"
"Norway"
"Norge"
"Oslo og Akershus"
"Oslo"
"Akershus"
"Hedmark og Oppland"
"Hedmark"
"Oppland"
"Sør-Østlandet"
"Østfold"
"Buskerud"
"Vestfold"
"Telemark"
"Agder og Rogaland"
"Aust-Agder"
"Vest-Agder"
"Rogaland"
"Vestlandet"
"Hordaland"
"Sogn og Fjordane"
"Møre og Romsdal"
"Trøndelag"
"Trøndelag"
"Sør-Trøndelag"
"Nord-Trøndelag"
"Nord-Norge"
"Nordland"
"Troms"
"Finnmark"
"Switzerland"
"Schweiz/Suisse/Svizzera"
"Région lémanique"
"Vaud"
"Valais"
"Genève"
"Espace Mittelland"
"Bern"
"Freiburg"
"Solothurn"
"Neuchâtel"
"Jura"
"Nordwestschweiz"
"Basel-Stadt"
"Basel-Landschaft"
"Aargau"
"Zürich"
"Zürich"
"Ostschweiz"
"Glarus"
"Schaffhausen"
"Appenzell Ausserrhoden"
"Appenzell Innerrhoden"
"St. Gallen"
"Graubünden"
"Thurgau"
"Zentralschweiz"
"Luzern"
"Uri"
"Schwyz"
"Obwalden"
"Nidwalden"
"Zug"
"Ticino"
"Ticino"
"Montenegro"
"Crna Gora"
"Crna Gora"
"Crna Gora"
"Albania"
"Shqipëria"
"Veri"
"Dibër"
"Durrës"
"Kukës"
"Lezhë"
"Shkodër"
"Qender"
"Elbasan"
"Tiranë"
"Jug"
"Berat"
"Fier"
"Gjirokastër"
"Korcë"
"Vlorë"
"Not regionalised / Unknown level 1"
"Not regionalised / Unknown level 2"
"Not regionalised / Unknown level 3"
"Serbia"
"Srbija - sever"
"Beogradski region"
"Beogradska oblast"
"Region Vojvodine"
"Zapadnobacka oblast"
"Juznobanatska oblast"
"Juznobacka oblast"
"Severnobanatska oblast"
"Severnobacka oblast"
"Srednjobanatska oblast"
"Sremska oblast"
"Srbija - jug"
"Region Sumadije i Zapadne Srbije"
"Zlatiborska oblast"
"Kolubarska oblast"
"Macvanska oblast"
"Moravicka oblast"
"Pomoravska oblast"
"Rasinska oblast"
"Raska oblast"
"Sumadijska oblast"
"Region Juzne i Istocne Srbije"
"Borska oblast"
"Branicevska oblast"
"Zajecarska oblast"
"Jablanicka oblast"
"Nisavska oblast"
"Pirotska oblast"
"Podunavska oblast"
"Pcinjska oblast"
"Toplicka oblast"

"UNIT"
"Number"

"SEX"
"Total"
"Males"
"Females"

"AGE"
"Total"
"From 75 to 79 years"
"From 80 to 84 years"
"From 85 to 89 years"
"90 years or over"

"Special value:"
":","not available"

